{"assets/images/00a8cbd7c2fd687e348b5f4ad604acd6366c7d2f.png":["assets/images/00a8cbd7c2fd687e348b5f4ad604acd6366c7d2f.png"],"assets/images/0423dbceb889ad0202df1bea46ad6424cf9a1f3e.png":["assets/images/0423dbceb889ad0202df1bea46ad6424cf9a1f3e.png"],"assets/images/12edb1c1bd0f649990983437d38df4cb24b43d13.png":["assets/images/12edb1c1bd0f649990983437d38df4cb24b43d13.png"],"assets/images/2742cabfc41cacefc1b6ca46779c1dade992bd34.png":["assets/images/2742cabfc41cacefc1b6ca46779c1dade992bd34.png"],"assets/images/5677136e4f3b25bf10af2e098e0f888a834b2401.png":["assets/images/5677136e4f3b25bf10af2e098e0f888a834b2401.png"],"assets/images/578d1ea7fc7fbb723813e45fb7a72d1722a918fa.png":["assets/images/578d1ea7fc7fbb723813e45fb7a72d1722a918fa.png"],"assets/images/901532287c7317ef3cbfaafe58fb80522fb06de6.png":["assets/images/901532287c7317ef3cbfaafe58fb80522fb06de6.png"],"assets/images/a071070a94dbcec4905dea0ae52ef20b8722d2a5.png":["assets/images/a071070a94dbcec4905dea0ae52ef20b8722d2a5.png"],"assets/images/abdd07174b7774340fa2dc280c4797fe893cec51.png":["assets/images/abdd07174b7774340fa2dc280c4797fe893cec51.png"],"assets/images/bbfba2a3ea1532bdd4b6ed132d554941467246c5.png":["assets/images/bbfba2a3ea1532bdd4b6ed132d554941467246c5.png"],"assets/images/c32c6d752929e8e846944f82336e3679f6d2620e.png":["assets/images/c32c6d752929e8e846944f82336e3679f6d2620e.png"],"assets/images/index.png":["assets/images/index.png"],"fonts/Inter-regular.ttf":["fonts/Inter-regular.ttf"],"packages/cupertino_icons/assets/CupertinoIcons.ttf":["packages/cupertino_icons/assets/CupertinoIcons.ttf"]}